"Source","Id","PropertyType","RequestedLocation","Locality","PostalCode","Address","Latitude","Longitude","GeoPrecision","Price","Bedrooms","SurfaceM2","AgentName","AgentPhone","AgentMobile","AgentEmail","AgentWebsite","IsUnderOption","UnderOption","SaleStatus","PublicationDate","PublicationDateSource","PhotoCount","PhotoUrls","Title","Url"
"Immoweb","21091482","terrain","Braine-l'Alleud","Braine-l'Alleud","1420","Rue de la Neuville (Lot 15) 1420 Braine-l'Alleud","50,6796383","4,3635088","adresse publiee","10000",,"16","Immo Clairière Braine-l'Alleud","+3223851818",,"braine@immoclairierebraine.be","http://www.immoclairiere.be","False","False","","2025-10-14T09:45:54.654Z","Immoweb classified.publication.creationDate","4","https://media-resize.immowebstatic.be/classifieds/d91d9ffc-da0a-47fa-8f9c-c3075f93446d/736x736/895bcdaa02407431db2c213378f9bf5d.jpg | https://media-resize.immowebstatic.be/classifieds/d91d9ffc-da0a-47fa-8f9c-c3075f93446d/736x736/962f8392785beaffe4c72bd82a3f776d.jpg | https://media-resize.immowebstatic.be/classifieds/d91d9ffc-da0a-47fa-8f9c-c3075f93446d/736x736/e732038846f1dd1adb22e368e854c4e2.jpg | https://media-resize.immowebstatic.be/classifieds/d91d9ffc-da0a-47fa-8f9c-c3075f93446d/736x736/75521c60a59b1593c843d850db42dbbb.jpg","Terrain à bâtir à vendre à Braine-l'Alleud - 10 000 € - Immoweb","https://www.immoweb.be/fr/annonce/terrain-a-batir/a-vendre/braine-lalleud/1420/21091482"
"Immoweb","21815303","terrain","Kampenhout","Kampenhout","1910","Haachtsesteenweg 1910 Kampenhout","50,9425005","4,5622123","adresse publiee","28000",,"1219","Century 21 De Wand","+3222693222",,"info@century21dewand.be","http://www.century21.be/dewand","False","False","","2026-09-04T11:01:54.303Z","Immoweb classified.publication.creationDate","3","https://media-resize.immowebstatic.be/classifieds/e3993c9b-88c6-4707-9f2c-6572d43da9f1/736x736/eb6f27297a22fc9c78d82fdc34b75e15.jpg | https://media-resize.immowebstatic.be/classifieds/e3993c9b-88c6-4707-9f2c-6572d43da9f1/736x736/59f1d1a5a9c06a2dbcbd98c1ae3ed7bd.jpg | https://media-resize.immowebstatic.be/classifieds/e3993c9b-88c6-4707-9f2c-6572d43da9f1/736x736/31e4432a60219a987d1ee4f1da518758.jpg","Terrain à bâtir à vendre à Kampenhout - 28 000 € - Immoweb","https://www.immoweb.be/fr/annonce/terrain-a-batir/a-vendre/kampenhout/1910/21815303"
"Immoweb","21042085","terrain","Overijse","Overijse","3090","Witherendreef 53A 3090 Overijse","50,7934819","4,4881298","adresse publiee","35000",,"3570","IFAC","+3227671414",,"ifactervuren@omniwebsites.be","http://www.ifac.be","False","False","","2025-09-23T14:16:08.270Z","Immoweb classified.publication.creationDate","4","https://media-resize.immowebstatic.be/classifieds/c68924bc-41b0-4771-8ddc-9e12d61a013f/736x736/323f3aa874df3353402911355741add8.jpg | https://media-resize.immowebstatic.be/classifieds/c68924bc-41b0-4771-8ddc-9e12d61a013f/736x736/0d1ff1f3663071e811916f51cdf8b9bd.jpg | https://media-resize.immowebstatic.be/classifieds/c68924bc-41b0-4771-8ddc-9e12d61a013f/736x736/840a0fb3f088e9736bd899bc6edfff70.jpg | https://media-resize.immowebstatic.be/classifieds/c68924bc-41b0-4771-8ddc-9e12d61a013f/736x736/83553f7336ce5c4245f2321e5ee479f7.jpg","Terrain à bâtir à vendre à Overijse - 35 000 € - Immoweb","https://www.immoweb.be/fr/annonce/terrain-a-batir/a-vendre/overijse/3090/21042085"
"Immoweb","21708772","terrain","Tubize","TUBIZE","1480","1480 TUBIZE","50,690603","4,188753","centre commune","35000",,"903","Select Immo","+3223900000",,"selectimmo@omniwebsites.be","http://www.selectimmo.be","False","False","","2026-07-13T16:51:32.444Z","Immoweb classified.publication.creationDate","6","https://media-resize.immowebstatic.be/classifieds/931cb340-c7ce-4b0f-89e1-db4cbae99a3d/736x736/9b9c8b39f4245a0e1cae1a1f470aeef3.jpg | https://media-resize.immowebstatic.be/classifieds/931cb340-c7ce-4b0f-89e1-db4cbae99a3d/736x736/576407ec90d24b89cca055ed201e2996.jpg | https://media-resize.immowebstatic.be/classifieds/931cb340-c7ce-4b0f-89e1-db4cbae99a3d/736x736/028c019a6ae85949a13f3f43a85373ce.jpg | https://media-resize.immowebstatic.be/classifieds/931cb340-c7ce-4b0f-89e1-db4cbae99a3d/736x736/67fe85ff52fdf514b56ba2c1de4bc3aa.jpg | https://media-resize.immowebstatic.be/classifieds/931cb340-c7ce-4b0f-89e1-db4cbae99a3d/736x736/4889c372b777ef6c969c4320ea278f80.jpg | https://media-resize.immowebstatic.be/classifieds/931cb340-c7ce-4b0f-89e1-db4cbae99a3d/736x736/b14b5d6a8a426868bb79c5f5c1d50ca9.jpg","Terrain à bâtir à vendre à TUBIZE - 35 000 € - Immoweb","https://www.immoweb.be/fr/annonce/terrain-a-batir/a-vendre/tubize/1480/21708772"
"Immoweb","21514764","terrain","Braine-l'Alleud","Braine-l'Alleud","1420","Chemin de l'Infante (N1050 + N1060) 1420 Braine-l'Alleud","50,6995678","4,3852833","adresse publiee","47500",,"1358","Immo Clairière Braine-l'Alleud","+3223851818",,"braine@immoclairierebraine.be","http://www.immoclairiere.be","False","False","","2026-04-22T13:30:26.860Z","Immoweb classified.publication.creationDate","2","https://media-resize.immowebstatic.be/classifieds/f88ec599-1df9-4190-bdf5-a7140b08d5d3/736x736/306d2c6543b0cb2fb86aad9a2cb8ab07.jpg | https://media-resize.immowebstatic.be/classifieds/f88ec599-1df9-4190-bdf5-a7140b08d5d3/736x736/bdbb25aa5a193017ed7f4b37f0b0f89b.jpg","Terrain à bâtir à vendre à Braine-l'Alleud - 47 500 € - Immoweb","https://www.immoweb.be/fr/annonce/terrain-a-batir/a-vendre/braine-lalleud/1420/21514764"
"Immoweb","21608771","terrain","Denderleeuw","Denderleeuw","9470","Dwarsstraat 2 9470 Denderleeuw","50,8825122","4,0763271","adresse publiee","50000",,"155","Optima",,"+32473840283","optima_Opwijk@importfrommedia.be","http://www.immo-optima.be","False","False","","2026-06-01T14:01:14.721Z","Immoweb classified.publication.creationDate","6","https://media-resize.immowebstatic.be/classifieds/c90784e5-441a-4e27-8b76-c8d3b6ff97da/736x736/dc306670e5e71780188bd860a574fbdf.jpg | https://media-resize.immowebstatic.be/classifieds/c90784e5-441a-4e27-8b76-c8d3b6ff97da/736x736/92d59d92552be02c3102deda625fd355.jpg | https://media-resize.immowebstatic.be/classifieds/c90784e5-441a-4e27-8b76-c8d3b6ff97da/736x736/276f15eac665c000d8dbc1ab6db682a1.jpg | https://media-resize.immowebstatic.be/classifieds/c90784e5-441a-4e27-8b76-c8d3b6ff97da/736x736/252550f506b30f35a01d776bcb579b15.jpg | https://media-resize.immowebstatic.be/classifieds/c90784e5-441a-4e27-8b76-c8d3b6ff97da/736x736/3327a92fbac159debdb4283f2e427c34.jpg | https://media-resize.immowebstatic.be/classifieds/c90784e5-441a-4e27-8b76-c8d3b6ff97da/736x736/05766a5f5622fbb0f18bbac6b0b84fad.jpg","Terrain à bâtir à vendre à Denderleeuw - 50 000 € - Immoweb","https://www.immoweb.be/fr/annonce/terrain-a-batir/a-vendre/denderleeuw/9470/21608771"
"Immoweb","21625610","terrain","Denderleeuw","Denderleeuw","9470","Dwarsstraat - 9470 Denderleeuw","50,8819999","4,0761538","adresse publiee","50000",,"155","Albert Affligem",,"+32468245245","storage10368_972@importfrommedia.be","http://www.albert.immo","False","False","","2026-06-08T09:08:44.864Z","Immoweb classified.publication.creationDate","3","https://media-resize.immowebstatic.be/classifieds/0cb820f7-a98e-44a8-8e1f-545bcd05f9b9/736x736/ad67b4bfad2bbe7fbeaba595beac072b.jpg | https://media-resize.immowebstatic.be/classifieds/0cb820f7-a98e-44a8-8e1f-545bcd05f9b9/736x736/3327a92fbac159debdb4283f2e427c34.jpg | https://media-resize.immowebstatic.be/classifieds/0cb820f7-a98e-44a8-8e1f-545bcd05f9b9/736x736/05766a5f5622fbb0f18bbac6b0b84fad.jpg","Terrain à bâtir à vendre à Denderleeuw - 50 000 € - Immoweb","https://www.immoweb.be/fr/annonce/terrain-a-batir/a-vendre/denderleeuw/9470/21625610"
"Immoweb","21655311","terrain","Denderleeuw","DENDERLEEUW","9470","Dwarsstraat 2 9470 DENDERLEEUW","50,8825122","4,0763271","adresse publiee","50000",,"155","Immo Zone Aalst","+3253700002",,"benvinvest@omniwebsites.be","http://www.immo-zone.be","False","False","","2026-06-18T22:37:06.539Z","Immoweb classified.publication.creationDate","3","https://media-resize.immowebstatic.be/classifieds/9c3a3946-c1ef-4a8d-aaed-9936040e0219/736x736/7f47b31618c46da9512b781ef70630f8.jpg | https://media-resize.immowebstatic.be/classifieds/9c3a3946-c1ef-4a8d-aaed-9936040e0219/736x736/fc92e752757526e993f3856422a2e3d2.jpg | https://media-resize.immowebstatic.be/classifieds/9c3a3946-c1ef-4a8d-aaed-9936040e0219/736x736/5b424d43c677997103cd5ad94f9c8b12.jpg","Terrain à bâtir à vendre à DENDERLEEUW - 50 000 € - Immoweb","https://www.immoweb.be/fr/annonce/terrain-a-batir/a-vendre/denderleeuw/9470/21655311"
"Immoweb","21711735","terrain","Wavre","WAVRE","1300","1300 WAVRE","50,723189","4,588293","centre commune","55000",,"195","Immobilière LA","+3219655848",,"immola-1yyjau@omniwebsites.be","http://www.immobilierela.be","False","False","","2026-07-14T17:27:10.340Z","Immoweb classified.publication.creationDate","9","https://media-resize.immowebstatic.be/classifieds/e35f7f60-e031-4033-b163-8577abd929bf/736x736/41d9036b5c6bb32fc3efbe7ec7fd60a0.jpg | https://media-resize.immowebstatic.be/classifieds/e35f7f60-e031-4033-b163-8577abd929bf/736x736/b07f67ad01ea19f486a9c4b03734c7c3.jpg | https://media-resize.immowebstatic.be/classifieds/e35f7f60-e031-4033-b163-8577abd929bf/736x736/c8739c778517875035929f8816859d1c.jpg | https://media-resize.immowebstatic.be/classifieds/e35f7f60-e031-4033-b163-8577abd929bf/736x736/5a5f83874687b036e60d98e976e037cf.jpg | https://media-resize.immowebstatic.be/classifieds/e35f7f60-e031-4033-b163-8577abd929bf/736x736/f41ba59528c4472a3d399a28ca62b1c9.jpg | https://media-resize.immowebstatic.be/classifieds/e35f7f60-e031-4033-b163-8577abd929bf/736x736/057a3a456a8d805e62d89551c263ba28.jpg | https://media-resize.immowebstatic.be/classifieds/e35f7f60-e031-4033-b163-8577abd929bf/736x736/037b2e4e069d3b29bf1e8358b9d8d446.jpg | https://media-resize.immowebstatic.be/classifieds/e35f7f60-e031-4033-b163-8577abd929bf/736x736/d0d8f113ac007913e0070313b36f7ff1.jpg | https://media-resize.immowebstatic.be/classifieds/e35f7f60-e031-4033-b163-8577abd929bf/736x736/905f97aecfb964a151639f9c327007a9.jpg","Terrain à bâtir à vendre à WAVRE - 55 000 € - Immoweb","https://www.immoweb.be/fr/annonce/terrain-a-batir/a-vendre/wavre/1300/21711735"
"Immoweb","21756295","terrain","Denderleeuw","Denderleeuw","9470","Nieuwstraat 4 9470 Denderleeuw","50,8810804","4,0762776","adresse publiee","74000",,"124","ImmoTijl Denderleeuw",,"+32477174420","immotijl_145@importfrommedia.be","http://www.immotijl.be","False","False","","2026-08-10T07:00:37.372Z","Immoweb classified.publication.creationDate","3","https://media-resize.immowebstatic.be/classifieds/12eb24ae-3483-4550-b51e-3285efe8b5a7/736x736/81c13188a339feced3f38f3f1e62e3cd.jpg | https://media-resize.immowebstatic.be/classifieds/12eb24ae-3483-4550-b51e-3285efe8b5a7/736x736/7a9a375187d46ea6317d5ba2f448413b.jpg | https://media-resize.immowebstatic.be/classifieds/12eb24ae-3483-4550-b51e-3285efe8b5a7/736x736/eb4d8a72c3bb51d08a8861bb737c1b20.jpg","Terrain à bâtir à vendre à Denderleeuw - 74 000 € - Immoweb","https://www.immoweb.be/fr/annonce/terrain-a-batir/a-vendre/denderleeuw/9470/21756295"
"Immoweb","21649933","terrain","Braine-l'Alleud","Braine-l'Alleud","1420","Rue Ernest Laurent, 43 (E165K) 1420 Braine-l'Alleud","50,6801897","4,377706","adresse publiee","75000",,"138","Immo Clairière Braine-l'Alleud","+3223851818",,"braine@immoclairierebraine.be","http://www.immoclairiere.be","True","True","sous option","2026-06-17T10:05:52.081Z","Immoweb classified.publication.creationDate","3","https://media-resize.immowebstatic.be/classifieds/f752c466-58fe-4c82-af48-3128235f42f1/736x736/16794a816b487e4f5bf7d857a2c0bfab.jpg | https://media-resize.immowebstatic.be/classifieds/f752c466-58fe-4c82-af48-3128235f42f1/736x736/68861fd32fede987a36d03453474c998.jpg | https://media-resize.immowebstatic.be/classifieds/f752c466-58fe-4c82-af48-3128235f42f1/736x736/45ab724a9f7d1d2be255a432cde12972.jpg","Terrain à bâtir à vendre à Braine-l'Alleud - 75 000 € - Immoweb","https://www.immoweb.be/fr/annonce/terrain-a-batir/a-vendre/braine-lalleud/1420/21649933"
"Immoweb","21555351","terrain","Sint-Genesius-Rode","Sint-Genesius-Rode","1640","Terheydestraat 25 1640 Sint-Genesius-Rode","50,7398225","4,3548859","adresse publiee","75000",,"600","Immo Roosens","+3223053030",,"info@immoroosens.be","http://www.immoroosens.be","False","False","","2026-05-08T21:01:30.460Z","Immoweb classified.publication.creationDate","1","https://media-resize.immowebstatic.be/classifieds/4439ebe6-6e94-46ca-958a-07f9f72460ec/736x736/32b88c07186118b8090dbada4ffa5291.jpg","Terrain à bâtir à vendre à Sint-Genesius-Rode - 75 000 € - Immoweb","https://www.immoweb.be/fr/annonce/terrain-a-batir/a-vendre/sint-genesius-rode/1640/21555351"
"Immoweb","11166371","terrain","Tubize","Tubize","1480","Stéhoux-Centre 110 1480 Tubize","50,6730501","4,1955424","adresse publiee","79000",,"412","Only Casa","+3223661333",,"onlycasa_tubize@importfrommedia.be",,"False","False","","2024-02-26T08:27:37.000+0000","Immoweb classified.publication.creationDate","8","https://media-resize.immowebstatic.be/classifieds/874d891f-73fb-5dab-8361-fa7267a910e7/736x736/d7826b06063aee7f1111f018f88b76fa.jpg | https://media-resize.immowebstatic.be/classifieds/874d891f-73fb-5dab-8361-fa7267a910e7/736x736/86eeb3ac4730f0238deb934b54d7d4c1.jpg | https://media-resize.immowebstatic.be/classifieds/874d891f-73fb-5dab-8361-fa7267a910e7/736x736/18f49b644bca9809280fc7d8339a4a5b.jpg | https://media-resize.immowebstatic.be/classifieds/874d891f-73fb-5dab-8361-fa7267a910e7/736x736/042ced27a8b0ac5cdd91a2a18be83bbb.jpg | https://media-resize.immowebstatic.be/classifieds/874d891f-73fb-5dab-8361-fa7267a910e7/736x736/490d072457c19f604699bff7f450dd89.jpg | https://media-resize.immowebstatic.be/classifieds/874d891f-73fb-5dab-8361-fa7267a910e7/736x736/171f2376c9b6d4e5b21789c069386802.jpg | https://media-resize.immowebstatic.be/classifieds/874d891f-73fb-5dab-8361-fa7267a910e7/736x736/dba0e15ef11d9742b4a7d1b78b7d806c.jpg | https://media-resize.immowebstatic.be/classifieds/874d891f-73fb-5dab-8361-fa7267a910e7/736x736/02c7e9fefb222156b1fbc974639512fb.jpg","Terrain à bâtir à vendre à Tubize - 79 000 € - Immoweb","https://www.immoweb.be/fr/annonce/terrain-a-batir/a-vendre/tubize/1480/11166371"
"Immoweb","21564253","terrain","Wemmel","WEMMEL","1780","Alboom 3 1780 WEMMEL","50,9012852","4,3127276","adresse publiee","80000",,"180","Structura","+3224608046",,"structura@omniwebsites.be","http://www.structura.be","False","False","","2026-05-13T07:49:08.138Z","Immoweb classified.publication.creationDate","4","https://media-resize.immowebstatic.be/classifieds/605f2baa-03cd-468b-9afe-24b30809a835/736x736/de592c62e06933b7d857aacd90b176ab.jpg | https://media-resize.immowebstatic.be/classifieds/605f2baa-03cd-468b-9afe-24b30809a835/736x736/fd8717e52c9cfa217e3e27d55743720b.jpg | https://media-resize.immowebstatic.be/classifieds/605f2baa-03cd-468b-9afe-24b30809a835/736x736/305cfab6a159cec4b7cb24bf409325e7.jpg | https://media-resize.immowebstatic.be/classifieds/605f2baa-03cd-468b-9afe-24b30809a835/736x736/1f7be0d2eb35b54508b16dbd911e33a0.jpg","Terrain à bâtir à vendre à WEMMEL - 80 000 € - Immoweb","https://www.immoweb.be/fr/annonce/terrain-a-batir/a-vendre/wemmel/1780/21564253"
"Immoweb","21814544","terrain","Braine-l'Alleud","Braine-l'Alleud","1420","Rue du Ménil 143 1420 Braine-l'Alleud","50,6890769","4,3846107","adresse publiee","85000",,"132","ERA Cedimmo – Braine-L’Alleud","+3223850265",,"Immoweb@erabelgium.be","http://www.era.be/cedimmo","False","False","","2026-09-04T08:49:35.208Z","Immoweb classified.publication.creationDate","5","https://media-resize.immowebstatic.be/classifieds/eeb899e1-cc21-412c-a5bf-b9379ff21a73/736x736/72dcb286df18f58ba4c936021d15280a.jpg | https://media-resize.immowebstatic.be/classifieds/eeb899e1-cc21-412c-a5bf-b9379ff21a73/736x736/2fd15bef74b63139180cc44a2336444f.jpg | https://media-resize.immowebstatic.be/classifieds/eeb899e1-cc21-412c-a5bf-b9379ff21a73/736x736/8991620fd6423a50c3eeecd2a3e509b0.jpg | https://media-resize.immowebstatic.be/classifieds/eeb899e1-cc21-412c-a5bf-b9379ff21a73/736x736/95341b10a1319ac037b7c842280dfe1e.jpg | https://media-resize.immowebstatic.be/classifieds/eeb899e1-cc21-412c-a5bf-b9379ff21a73/736x736/431b0dff0c3a3fafffcbbf656595cdb2.jpg","Terrain à bâtir à vendre à Braine-l'Alleud - 85 000 € - Immoweb","https://www.immoweb.be/fr/annonce/terrain-a-batir/a-vendre/braine-lalleud/1420/21814544"
"Immoweb","20402470","terrain","Liedekerke","Liedekerke","1770","Fabriekstraat 117 1770 Liedekerke","50,8696009","4,09262","adresse publiee","85000",,"150","Vastgoedkantoor Immo Team",,"+32478059069","vandenbo_liedekerke@importfrommedia.be","http://www.immoteam.be","True","True","sous option","2024-12-19T16:01:39.158Z","Immoweb classified.publication.creationDate","2","https://media-resize.immowebstatic.be/classifieds/f613e218-4d91-466e-be93-1170783752cd/736x736/4204951d694357849b44ad3f8564b92b.jpg | https://media-resize.immowebstatic.be/classifieds/f613e218-4d91-466e-be93-1170783752cd/736x736/0bebf502776ecd30728d0bd49721d523.jpg","Terrain à bâtir à vendre à Liedekerke - 85 000 € - Immoweb","https://www.immoweb.be/fr/annonce/terrain-a-batir/a-vendre/liedekerke/1770/20402470"
"Immoweb","21364518","terrain","Liedekerke","Liedekerke","1770","Bombardonstraat 34+ 1770 Liedekerke","50,8679486","4,089011","adresse publiee","85000",,"149","Topo-Immo Liedekerke","+3253594939",,"info@topo-immo.be","http://www.topo-immo.be","False","False","","2026-02-17T16:09:48.143Z","Immoweb classified.publication.creationDate","1","https://media-resize.immowebstatic.be/classifieds/e25a5411-fe42-41a7-b042-4fd3123ed363/736x736/e1f45c82584d41c9bc76cfdbaddaa344.jpg","Terrain à bâtir à vendre à Liedekerke - 85 000 € - Immoweb","https://www.immoweb.be/fr/annonce/terrain-a-batir/a-vendre/liedekerke/1770/21364518"
"Immoweb","21255358","terrain","Tubize","Tubize","1480","1480 Tubize","50,690603","4,188753","centre commune","85000",,"377","YAKimmo","+3223551751",,"storage11655_990@importfrommedia.be","http://www.yakimmo.be","False","False","","2026-01-03T12:01:30.321Z","Immoweb classified.publication.creationDate","6","https://media-resize.immowebstatic.be/classifieds/163f570b-07d2-4087-b85a-f6f234094332/736x736/262519a6b14af9417bcf5e8cf089f8c5.jpg | https://media-resize.immowebstatic.be/classifieds/163f570b-07d2-4087-b85a-f6f234094332/736x736/528025a24fea1a1ac00e61ae99daeac5.jpg | https://media-resize.immowebstatic.be/classifieds/163f570b-07d2-4087-b85a-f6f234094332/736x736/40f5502be90a2ade18767928160e0156.jpg | https://media-resize.immowebstatic.be/classifieds/163f570b-07d2-4087-b85a-f6f234094332/736x736/424168e52269ebb243977eb64ce107d6.jpg | https://media-resize.immowebstatic.be/classifieds/163f570b-07d2-4087-b85a-f6f234094332/736x736/4ec72c20c5e5e8c7fd8eef333378f35c.jpg | https://media-resize.immowebstatic.be/classifieds/163f570b-07d2-4087-b85a-f6f234094332/736x736/6cfc63628ed7707faa73489e94ef7978.jpg","Terrain à bâtir à vendre à Tubize - 85 000 € - Immoweb","https://www.immoweb.be/fr/annonce/terrain-a-batir/a-vendre/tubize/1480/21255358"
"Immoweb","21364403","terrain","Denderleeuw","Denderleeuw","9470","Guido Gezellestraat 123 9470 Denderleeuw","50,8883956","4,0769082","adresse publiee","89000",,"455","Topo-Immo Lennik","+3225322257",,"lennik@topo-immo.be","http://www.topo-immo.be","False","False","","2026-02-17T15:52:49.263Z","Immoweb classified.publication.creationDate","4","https://media-resize.immowebstatic.be/classifieds/3646d223-b83c-459d-aa1e-d1993235ea80/736x736/5985e3d6d1bcd15e91b802ba32710538.jpg | https://media-resize.immowebstatic.be/classifieds/3646d223-b83c-459d-aa1e-d1993235ea80/736x736/0ec93e555094fec0c9a5b857b6375764.jpg | https://media-resize.immowebstatic.be/classifieds/3646d223-b83c-459d-aa1e-d1993235ea80/736x736/8e3876466c9971af8db27e9fa29c8d98.jpg | https://media-resize.immowebstatic.be/classifieds/3646d223-b83c-459d-aa1e-d1993235ea80/736x736/7aafbde67f031e1cd7a5c12b78328a1b.jpg","Terrain à bâtir à vendre à Denderleeuw - 89 000 € - Immoweb","https://www.immoweb.be/fr/annonce/terrain-a-batir/a-vendre/denderleeuw/9470/21364403"
"Immoweb","20540799","terrain","Denderleeuw","Denderleeuw","9470","Guido Gezellestraat 123+ 9470 Denderleeuw","50,8883956","4,0769082","adresse publiee","89000",,"455","Van de Vondel vastgoed en advies","+32489200248",,"info@vandevondel.be","http://www.vandevondel.be","False","False","","2025-02-25T12:02:19.740Z","Immoweb classified.publication.creationDate","6","https://media-resize.immowebstatic.be/classifieds/30503e1d-21c1-42e1-9c7b-ea2738d4924f/736x736/2d9204e52be12d3c5467912f61e949ef.jpg | https://media-resize.immowebstatic.be/classifieds/30503e1d-21c1-42e1-9c7b-ea2738d4924f/736x736/0125fb6bdff234d0b34e5cfe551f69cf.jpg | https://media-resize.immowebstatic.be/classifieds/30503e1d-21c1-42e1-9c7b-ea2738d4924f/736x736/b2d324be659957e445933a3ef7cdf335.jpg | https://media-resize.immowebstatic.be/classifieds/30503e1d-21c1-42e1-9c7b-ea2738d4924f/736x736/ce08429d91b79c874489fe0efa563d57.jpg | https://media-resize.immowebstatic.be/classifieds/30503e1d-21c1-42e1-9c7b-ea2738d4924f/736x736/e5f0dc5afafbf16152dacd2d691db0ea.jpg | https://media-resize.immowebstatic.be/classifieds/30503e1d-21c1-42e1-9c7b-ea2738d4924f/736x736/4c6d595f29db2809db5f5f0b8e59659f.jpg","Terrain à bâtir à vendre à Denderleeuw - 89 000 € - Immoweb","https://www.immoweb.be/fr/annonce/terrain-a-batir/a-vendre/denderleeuw/9470/20540799"
"Immoweb","21706211","terrain","Denderleeuw","Denderleeuw","9470","A. De Brabanterstraat 45 9470 Denderleeuw","50,8792615","4,0756855","adresse publiee","89000",,"210","Topo-Immo Liedekerke","+3253594939",,"info@topo-immo.be","http://www.topo-immo.be","False","False","","2026-07-12T01:00:47.455Z","Immoweb classified.publication.creationDate","8","https://media-resize.immowebstatic.be/classifieds/cee1f5a2-fcff-4fa1-a56d-b7c601ee271c/736x736/34f313c550d7d0aefa675d99de725f58.jpg | https://media-resize.immowebstatic.be/classifieds/cee1f5a2-fcff-4fa1-a56d-b7c601ee271c/736x736/2f43f79d5e124e4379f9623f21be44b0.jpg | https://media-resize.immowebstatic.be/classifieds/cee1f5a2-fcff-4fa1-a56d-b7c601ee271c/736x736/de713a711ab4bd10931ca19dcd1f9f1a.jpg | https://media-resize.immowebstatic.be/classifieds/cee1f5a2-fcff-4fa1-a56d-b7c601ee271c/736x736/16f191805ab84a6ad19178ed5b72232d.jpg | https://media-resize.immowebstatic.be/classifieds/cee1f5a2-fcff-4fa1-a56d-b7c601ee271c/736x736/b2c12fad81eac084637541f235ce356f.jpg | https://media-resize.immowebstatic.be/classifieds/cee1f5a2-fcff-4fa1-a56d-b7c601ee271c/736x736/0fc04baf6d3d3afb57fca1ed027be3ef.jpg | https://media-resize.immowebstatic.be/classifieds/cee1f5a2-fcff-4fa1-a56d-b7c601ee271c/736x736/54e23f77eb257faa5da2895bb545129b.jpg | https://media-resize.immowebstatic.be/classifieds/cee1f5a2-fcff-4fa1-a56d-b7c601ee271c/736x736/ee8ae31c92bdd50bfc367cdb65a751dd.jpg","Terrain à bâtir à vendre à Denderleeuw - 89 000 € - Immoweb","https://www.immoweb.be/fr/annonce/terrain-a-batir/a-vendre/denderleeuw/9470/21706211"
"Immoweb","21050552","terrain","Tubize","Tubize","1480","Chaussée d'Hondzocht 140 1480 Tubize","50,6997607","4,2010387","adresse publiee","89000",,"280","NOVA IMMO","+3267856767",,"storage10305_741@importfrommedia.be","http://www.nova-immo.be","True","True","sous option","2025-09-26T15:03:59.646Z","Immoweb classified.publication.creationDate","8","https://media-resize.immowebstatic.be/classifieds/05693fd3-5f4d-484d-bad0-c19382ffcba0/736x736/ed02151886bb0cac306088b54e5c8920.jpg | https://media-resize.immowebstatic.be/classifieds/05693fd3-5f4d-484d-bad0-c19382ffcba0/736x736/5f88fbf79b2c2a84a1e6fc5a66b4f5e5.jpg | https://media-resize.immowebstatic.be/classifieds/05693fd3-5f4d-484d-bad0-c19382ffcba0/736x736/b65a4faa07c56de6cb073847c984f745.jpg | https://media-resize.immowebstatic.be/classifieds/05693fd3-5f4d-484d-bad0-c19382ffcba0/736x736/f99503e9283d852eb4b0d283331eaeb2.jpg | https://media-resize.immowebstatic.be/classifieds/05693fd3-5f4d-484d-bad0-c19382ffcba0/736x736/8dc9a9fd627a40cb9484a5af577a383f.jpg | https://media-resize.immowebstatic.be/classifieds/05693fd3-5f4d-484d-bad0-c19382ffcba0/736x736/5d6758d2ef5db47e436e57b215c9454a.jpg | https://media-resize.immowebstatic.be/classifieds/05693fd3-5f4d-484d-bad0-c19382ffcba0/736x736/9b1db5b65666f4d82c3a7ca30cb43b84.jpg | https://media-resize.immowebstatic.be/classifieds/05693fd3-5f4d-484d-bad0-c19382ffcba0/736x736/ac1a1b344cf47547dccfbbbd6f58f7ff.jpg","Terrain à bâtir à vendre à Tubize - 89 000 € - Immoweb","https://www.immoweb.be/fr/annonce/terrain-a-batir/a-vendre/tubize/1480/21050552"
"Immoweb","21753806","terrain","Tubize","Tubize","1480","1480 Tubize","50,690603","4,188753","centre commune","92500",,"241","CASAPOINT","+3267639600",,"info@casapoint.be","http://www.casapoint.be","False","False","","2026-08-07T13:17:21.591Z","Immoweb classified.publication.creationDate","16","https://media-resize.immowebstatic.be/classifieds/1aa30cc9-21af-40b3-b03c-044a21fabcf7/736x736/b847c2a83f75d7712fa97218d4c0cff1.jpg | https://media-resize.immowebstatic.be/classifieds/1aa30cc9-21af-40b3-b03c-044a21fabcf7/736x736/af3d1f6eb959eaa518c909117d4c3776.jpg | https://media-resize.immowebstatic.be/classifieds/1aa30cc9-21af-40b3-b03c-044a21fabcf7/736x736/37d94e2f63c677f950c192cdd5135435.jpg | https://media-resize.immowebstatic.be/classifieds/1aa30cc9-21af-40b3-b03c-044a21fabcf7/736x736/7042858d194ddd5a3c9a0f4530d26911.jpg | https://media-resize.immowebstatic.be/classifieds/1aa30cc9-21af-40b3-b03c-044a21fabcf7/736x736/0d8868db3d7bf1aea066ded38c28b797.jpg | https://media-resize.immowebstatic.be/classifieds/1aa30cc9-21af-40b3-b03c-044a21fabcf7/736x736/10b9a87a029376f24854435782c45ac9.jpg | https://media-resize.immowebstatic.be/classifieds/1aa30cc9-21af-40b3-b03c-044a21fabcf7/736x736/679a3d037b5a59dba69f03de628b74a3.png | https://media-resize.immowebstatic.be/classifieds/1aa30cc9-21af-40b3-b03c-044a21fabcf7/736x736/6b107fbb5e0fa951a3b3b980c8e61966.jpg | https://media-resize.immowebstatic.be/classifieds/1aa30cc9-21af-40b3-b03c-044a21fabcf7/736x736/a3c53acb26df9319df6835d8930c69cf.jpg | https://media-resize.immowebstatic.be/classifieds/1aa30cc9-21af-40b3-b03c-044a21fabcf7/736x736/44ccd98f05e8b9823ead004ad932ed6a.jpg | https://media-resize.immowebstatic.be/classifieds/1aa30cc9-21af-40b3-b03c-044a21fabcf7/736x736/a62684bb7afe0f6c3b6c2a75a1e70edc.jpg | https://media-resize.immowebstatic.be/classifieds/1aa30cc9-21af-40b3-b03c-044a21fabcf7/736x736/a98aca4ab301e887d96685109c67e944.jpg | https://media-resize.immowebstatic.be/classifieds/1aa30cc9-21af-40b3-b03c-044a21fabcf7/736x736/b4703cb9b5fdfb845b3e4bc29bc96c61.jpg | https://media-resize.immowebstatic.be/classifieds/1aa30cc9-21af-40b3-b03c-044a21fabcf7/736x736/030fdf44ec703c139e493a32cb845036.jpg | https://media-resize.immowebstatic.be/classifieds/1aa30cc9-21af-40b3-b03c-044a21fabcf7/736x736/6998ec38976ed0f5d4e0c74128bba2f9.jpg | https://media-resize.immowebstatic.be/classifieds/1aa30cc9-21af-40b3-b03c-044a21fabcf7/736x736/05d2a2fbe6aaaa8774268d1d2abcfdf3.jpg","Terrain à bâtir à vendre à Tubize - 92 500 € - Immoweb","https://www.immoweb.be/fr/annonce/terrain-a-batir/a-vendre/tubize/1480/21753806"
"Immoweb","21753789","terrain","Tubize","Tubize","1480","1480 Tubize","50,690603","4,188753","centre commune","92500",,"243","CASAPOINT","+3267639600",,"info@casapoint.be","http://www.casapoint.be","False","False","","2026-08-07T13:11:27.999Z","Immoweb classified.publication.creationDate","16","https://media-resize.immowebstatic.be/classifieds/acdf885b-8b8f-40e5-ab42-003db34877ed/736x736/af3d1f6eb959eaa518c909117d4c3776.jpg | https://media-resize.immowebstatic.be/classifieds/acdf885b-8b8f-40e5-ab42-003db34877ed/736x736/b847c2a83f75d7712fa97218d4c0cff1.jpg | https://media-resize.immowebstatic.be/classifieds/acdf885b-8b8f-40e5-ab42-003db34877ed/736x736/37d94e2f63c677f950c192cdd5135435.jpg | https://media-resize.immowebstatic.be/classifieds/acdf885b-8b8f-40e5-ab42-003db34877ed/736x736/7042858d194ddd5a3c9a0f4530d26911.jpg | https://media-resize.immowebstatic.be/classifieds/acdf885b-8b8f-40e5-ab42-003db34877ed/736x736/0d8868db3d7bf1aea066ded38c28b797.jpg | https://media-resize.immowebstatic.be/classifieds/acdf885b-8b8f-40e5-ab42-003db34877ed/736x736/679a3d037b5a59dba69f03de628b74a3.png | https://media-resize.immowebstatic.be/classifieds/acdf885b-8b8f-40e5-ab42-003db34877ed/736x736/5d9192e2c98e362e800812ccf6ea8f99.jpg | https://media-resize.immowebstatic.be/classifieds/acdf885b-8b8f-40e5-ab42-003db34877ed/736x736/97cd921f1e261aae375b74c2750d803e.jpg | https://media-resize.immowebstatic.be/classifieds/acdf885b-8b8f-40e5-ab42-003db34877ed/736x736/c863a5dc2c65cfa0aefb7d7cf60dc5f6.jpg | https://media-resize.immowebstatic.be/classifieds/acdf885b-8b8f-40e5-ab42-003db34877ed/736x736/c1050d2186984ee70db5aec5acc3cc59.jpg | https://media-resize.immowebstatic.be/classifieds/acdf885b-8b8f-40e5-ab42-003db34877ed/736x736/55baf65156d1ad760903a12231bd891e.jpg | https://media-resize.immowebstatic.be/classifieds/acdf885b-8b8f-40e5-ab42-003db34877ed/736x736/f2fa9556892b42aa3024772c243b1bca.jpg | https://media-resize.immowebstatic.be/classifieds/acdf885b-8b8f-40e5-ab42-003db34877ed/736x736/b3eac0d726e05ea0a8aa03eb4cf62e3f.jpg | https://media-resize.immowebstatic.be/classifieds/acdf885b-8b8f-40e5-ab42-003db34877ed/736x736/05d2a2fbe6aaaa8774268d1d2abcfdf3.jpg | https://media-resize.immowebstatic.be/classifieds/acdf885b-8b8f-40e5-ab42-003db34877ed/736x736/030fdf44ec703c139e493a32cb845036.jpg | https://media-resize.immowebstatic.be/classifieds/acdf885b-8b8f-40e5-ab42-003db34877ed/736x736/6998ec38976ed0f5d4e0c74128bba2f9.jpg","Terrain à bâtir à vendre à Tubize - 92 500 € - Immoweb","https://www.immoweb.be/fr/annonce/terrain-a-batir/a-vendre/tubize/1480/21753789"
"Immoweb","21381655","terrain","Halle","Hal","1500","1500 Hal","50,737","4,239","centre commune","97000",,"389","CASAPOINT","+3267639600",,"info@casapoint.be","http://www.casapoint.be","True","True","sous option","2026-02-25T13:09:24.460Z","Immoweb classified.publication.creationDate","9","https://media-resize.immowebstatic.be/classifieds/bd4e4db7-a4d9-4057-8b0e-54550c2910c3/736x736/5e8cdcd893ff359e45fa8f2509d688a2.jpg | https://media-resize.immowebstatic.be/classifieds/bd4e4db7-a4d9-4057-8b0e-54550c2910c3/736x736/2dd02d74c601c93627fd9208bd20ebc1.jpg | https://media-resize.immowebstatic.be/classifieds/bd4e4db7-a4d9-4057-8b0e-54550c2910c3/736x736/e1f975e9404600b47f3db3e91f19db8d.jpg | https://media-resize.immowebstatic.be/classifieds/bd4e4db7-a4d9-4057-8b0e-54550c2910c3/736x736/932e30bad78511ff2c2526b82a8171c6.jpg | https://media-resize.immowebstatic.be/classifieds/bd4e4db7-a4d9-4057-8b0e-54550c2910c3/736x736/e6fcb59b176c37a1e92beb6c50f616d1.jpg | https://media-resize.immowebstatic.be/classifieds/bd4e4db7-a4d9-4057-8b0e-54550c2910c3/736x736/7e767c84e4889b26ac071cfebb407bff.jpg | https://media-resize.immowebstatic.be/classifieds/bd4e4db7-a4d9-4057-8b0e-54550c2910c3/736x736/2bcc2853286dbc29b1e4cb75bcb10a83.jpg | https://media-resize.immowebstatic.be/classifieds/bd4e4db7-a4d9-4057-8b0e-54550c2910c3/736x736/6998ec38976ed0f5d4e0c74128bba2f9.jpg | https://media-resize.immowebstatic.be/classifieds/bd4e4db7-a4d9-4057-8b0e-54550c2910c3/736x736/05d2a2fbe6aaaa8774268d1d2abcfdf3.jpg","Terrain à bâtir à vendre à Hal - 97 000 € - Immoweb","https://www.immoweb.be/fr/annonce/terrain-a-batir/a-vendre/hal/1500/21381655"
"Immoweb","21409834","terrain","Liedekerke","Liedekerke","1770","Den Haesestraat 10 1770 Liedekerke","50,874555","4,0874979","adresse publiee","98000",,"230","Dewaele Brussels (Tour & Taxis)","+3222232323",,"brussel@dewaele.com","http://www.dewaele.com/","False","False","","2026-03-09T16:38:42.631Z","Immoweb classified.publication.creationDate","2","https://media-resize.immowebstatic.be/classifieds/fe970756-d58a-413e-ba8f-e33e6c5ae58e/736x736/90132decc0f83f27bd4ea81c5ab76b4c.jpg | https://media-resize.immowebstatic.be/classifieds/fe970756-d58a-413e-ba8f-e33e6c5ae58e/736x736/0ef3bfaa16cb4c6843616c1ecee96e86.jpg","Terrain à bâtir à vendre à Liedekerke - 98 000 € - Immoweb","https://www.immoweb.be/fr/annonce/terrain-a-batir/a-vendre/liedekerke/1770/21409834"
"Immoweb","21313776","terrain","Etterbeek","Evere","1040","1040 Evere","50,836","4,389","centre commune","99000",,"140","Century 21 Ever One","+3222412121",,"immoweb@ingest.sweepbright.com","http://www.century21.be/everone","False","False","","2026-01-28T11:47:00.150Z","Immoweb classified.publication.creationDate","3","https://media-resize.immowebstatic.be/classifieds/37dfcff1-1c31-4b34-ab1a-b34052faba92/736x736/54ab809f0de44a1a4f5eb7403764cb7b.jpg | https://media-resize.immowebstatic.be/classifieds/37dfcff1-1c31-4b34-ab1a-b34052faba92/736x736/53359c95ae6d96332eb3726a3f108401.jpg | https://media-resize.immowebstatic.be/classifieds/37dfcff1-1c31-4b34-ab1a-b34052faba92/736x736/f4079cb2879b40e4c134f6096ccadd4a.jpg","Terrain à bâtir à vendre à Evere - 99 000 € - Immoweb","https://www.immoweb.be/fr/annonce/terrain-a-batir/a-vendre/evere/1040/21313776"
"Immoweb","21453786","terrain","Evere","Evere","1140","1140 Evere","50,872","4,403","centre commune","99000",,"140","Century 21 Ever One","+3222412121",,"immoweb@ingest.sweepbright.com","http://www.century21.be/everone","False","False","","2026-03-27T13:25:12.206Z","Immoweb classified.publication.creationDate","3","https://media-resize.immowebstatic.be/classifieds/9a5e8404-55e2-4a63-8932-561b240011c6/736x736/8c65680cd7f2ad457618cdc31f7a6e80.jpg | https://media-resize.immowebstatic.be/classifieds/9a5e8404-55e2-4a63-8932-561b240011c6/736x736/53359c95ae6d96332eb3726a3f108401.jpg | https://media-resize.immowebstatic.be/classifieds/9a5e8404-55e2-4a63-8932-561b240011c6/736x736/f4079cb2879b40e4c134f6096ccadd4a.jpg","Terrain à bâtir à vendre à Evere - 99 000 € - Immoweb","https://www.immoweb.be/fr/annonce/terrain-a-batir/a-vendre/evere/1140/21453786"
"Immoweb","21017920","terrain","Halle","Halle","1500","1500 Halle","50,737","4,239","centre commune","99000",,"613","Qspot",,"+32 474969003","storage12325_558@importfrommedia.be","http://www.qspot.be","False","False","","2025-09-14T07:13:19.871Z","Immoweb classified.publication.creationDate","2","https://media-resize.immowebstatic.be/classifieds/eecf2c15-8e2f-479d-8d03-9012e89fdb5a/736x736/86aff70dd995a198c272c6ae2b3eed95.jpg | https://media-resize.immowebstatic.be/classifieds/eecf2c15-8e2f-479d-8d03-9012e89fdb5a/736x736/6d26062a475882739bcd384870e693bd.jpg","Terrain à bâtir à vendre à Halle - 99 000 € - Immoweb","https://www.immoweb.be/fr/annonce/terrain-a-batir/a-vendre/halle/1500/21017920"
"Immoweb","21418176","terrain","Liedekerke","Liedekerke","1770","Laan I ZN 1770 Liedekerke","50,8712344","4,09946","adresse publiee","99000",,"293","Topo-Immo Lennik","+3225322257",,"lennik@topo-immo.be","http://www.topo-immo.be","False","False","","2026-03-12T14:00:10.876Z","Immoweb classified.publication.creationDate","4","https://media-resize.immowebstatic.be/classifieds/8dd513bc-2c6f-40f2-86cf-b962bf1ecb53/736x736/d512e33778c21a58e57ea1b2c95ab74c.jpg | https://media-resize.immowebstatic.be/classifieds/8dd513bc-2c6f-40f2-86cf-b962bf1ecb53/736x736/9c0eae8bac9aba8b88946a5e0ca7f9eb.jpg | https://media-resize.immowebstatic.be/classifieds/8dd513bc-2c6f-40f2-86cf-b962bf1ecb53/736x736/6ce79d14d01797ab4e1c1f3076f7d93a.jpg | https://media-resize.immowebstatic.be/classifieds/8dd513bc-2c6f-40f2-86cf-b962bf1ecb53/736x736/15dcd7a92a750b9cb14a1742b061032a.jpg","Terrain à bâtir à vendre à Liedekerke - 99 000 € - Immoweb","https://www.immoweb.be/fr/annonce/terrain-a-batir/a-vendre/liedekerke/1770/21418176"
"Immoweb","21364394","terrain","Liedekerke","Liedekerke","1770","Lindestraat 7 1770 Liedekerke","50,8741594","4,0888563","adresse publiee","99000",,"263","Topo-Immo Liedekerke","+3253594939",,"info@topo-immo.be","http://www.topo-immo.be","False","False","","2026-02-17T15:47:17.764Z","Immoweb classified.publication.creationDate","3","https://media-resize.immowebstatic.be/classifieds/fe744d9d-8f54-4f3e-b91f-0839eb2a6730/736x736/7a61b0a2772d18545148c4b17ab7e845.jpg | https://media-resize.immowebstatic.be/classifieds/fe744d9d-8f54-4f3e-b91f-0839eb2a6730/736x736/7f2f1d942e2447798738813f917f93ac.jpg | https://media-resize.immowebstatic.be/classifieds/fe744d9d-8f54-4f3e-b91f-0839eb2a6730/736x736/a4088c7f05069f58bdc7da5149ec7570.jpg","Terrain à bâtir à vendre à Liedekerke - 99 000 € - Immoweb","https://www.immoweb.be/fr/annonce/terrain-a-batir/a-vendre/liedekerke/1770/21364394"
"Immoweb","21650866","terrain","Sint-Pieters-Leeuw","Sint-Pieters-Leeuw","1600","Dauw-Defossezlaan 12 1600 Sint-Pieters-Leeuw","50,8049391","4,2794496","adresse publiee","99000",,"152","Immo Pické BV BVBA.","+3223316269",,"storage6011_791@importfrommedia.be","http://www.immopicke.be","True","True","sous option","2026-06-17T14:07:50.416Z","Immoweb classified.publication.creationDate","4","https://media-resize.immowebstatic.be/classifieds/98793847-19c3-4cbc-a6c0-238897a3de40/736x736/fa3c3780f10edab0fcf4e1a75544c4da.jpg | https://media-resize.immowebstatic.be/classifieds/98793847-19c3-4cbc-a6c0-238897a3de40/736x736/083ac61d800f55782bba781f942501cd.jpg | https://media-resize.immowebstatic.be/classifieds/98793847-19c3-4cbc-a6c0-238897a3de40/736x736/1a8d38dd4051241b2e125b0cb985f0de.jpg | https://media-resize.immowebstatic.be/classifieds/98793847-19c3-4cbc-a6c0-238897a3de40/736x736/3da1451066fd97ff2623c358ee7d7b57.jpg","Terrain à bâtir à vendre à Sint-Pieters-Leeuw - 99 000 € - Immoweb","https://www.immoweb.be/fr/annonce/terrain-a-batir/a-vendre/sint-pieters-leeuw/1600/21650866"
"Immoweb","21800596","terrain","Mechelen","Mechelen","2800","Brusselsesteenweg 458 2800 Mechelen","51,0043474","4,4731859","adresse publiee","100000",,"352","Malines Group","+3215216850",,"info@malines-group.be","http://www.malines-group.be","False","False","","2026-08-31T07:05:32.015Z","Immoweb classified.publication.creationDate","6","https://media-resize.immowebstatic.be/classifieds/7da258e0-28fc-4d61-a41b-69e16bd5ac9a/736x736/6b46f1ad7a37a990b8645a05dcbe1658.jpg | https://media-resize.immowebstatic.be/classifieds/7da258e0-28fc-4d61-a41b-69e16bd5ac9a/736x736/6175d39103c03c9ad1124421aca78719.jpg | https://media-resize.immowebstatic.be/classifieds/7da258e0-28fc-4d61-a41b-69e16bd5ac9a/736x736/3cf5a4143d091ef8cc03931e041848eb.jpg | https://media-resize.immowebstatic.be/classifieds/7da258e0-28fc-4d61-a41b-69e16bd5ac9a/736x736/940005d0b1ec79cf8a954ee2b3a76322.jpg | https://media-resize.immowebstatic.be/classifieds/7da258e0-28fc-4d61-a41b-69e16bd5ac9a/736x736/c6388cafb8297301cd9ef7b4d69f52ab.jpg | https://media-resize.immowebstatic.be/classifieds/7da258e0-28fc-4d61-a41b-69e16bd5ac9a/736x736/2e560a8ddf458fb5a1c208bbf3e7b71f.jpg","Terrain à bâtir à vendre à Mechelen - 100 000 € - Immoweb","https://www.immoweb.be/fr/annonce/terrain-a-batir/a-vendre/mechelen/2800/21800596"
"Immoweb","21793767","terrain","Tubize","Tubize","1480","1480 Tubize","50,690603","4,188753","centre commune","100000",,"950","Immobilière Deschamps S.A","+3223558519","+32475941537","immodeschamps@gmail.com","http://www.immodeschamps.be","False","False","","2026-08-27T09:25:07.538Z","Immoweb classified.publication.creationDate","6","https://media-resize.immowebstatic.be/classifieds/d24c1c42-2c8e-412a-a92d-68020c4787f8/736x736/3a3b677ab72a2dc76811d31fca40c0dd.jpg | https://media-resize.immowebstatic.be/classifieds/d24c1c42-2c8e-412a-a92d-68020c4787f8/736x736/e3b68c10d41da13a8e60eebf080aa34b.jpg | https://media-resize.immowebstatic.be/classifieds/d24c1c42-2c8e-412a-a92d-68020c4787f8/736x736/27a71ec57c87440005d764e8a29b11ae.jpg | https://media-resize.immowebstatic.be/classifieds/d24c1c42-2c8e-412a-a92d-68020c4787f8/736x736/25cf6ced4eb6144a10b90507bc591286.jpg | https://media-resize.immowebstatic.be/classifieds/d24c1c42-2c8e-412a-a92d-68020c4787f8/736x736/ae951f6cdc99c36a731887fda3f3819c.jpg | https://media-resize.immowebstatic.be/classifieds/d24c1c42-2c8e-412a-a92d-68020c4787f8/736x736/b2adf878dafa80c877a8a2a6f7cd1083.jpg","Terrain à bâtir à vendre à Tubize - 100 000 € - Immoweb","https://www.immoweb.be/fr/annonce/terrain-a-batir/a-vendre/tubize/1480/21793767"
"Immoweb","21473961","terrain","Tubize","Tubize","1480","Rue Des Frères Lefort 1480 Tubize","50,6789986","4,2007334","adresse publiee","100000",,"935","BDM IMMO","+3267218470",,"socodem@proximus.be",,"False","False","","2026-04-06T08:06:41.372Z","Immoweb classified.publication.creationDate","12","https://media-resize.immowebstatic.be/classifieds/3655568f-2e89-43b1-a1bc-c7cbbdc6796f/736x736/4795433ab19b91e496de7c7e18541968.jpg | https://media-resize.immowebstatic.be/classifieds/3655568f-2e89-43b1-a1bc-c7cbbdc6796f/736x736/f6a16dd719b68a0a3e8d8647c92164ac.jpg | https://media-resize.immowebstatic.be/classifieds/3655568f-2e89-43b1-a1bc-c7cbbdc6796f/736x736/1c23effe12ccf5f6a2bba37e7ae4b92d.jpg | https://media-resize.immowebstatic.be/classifieds/3655568f-2e89-43b1-a1bc-c7cbbdc6796f/736x736/291c733c95a15331c166208cbcdcecee.jpg | https://media-resize.immowebstatic.be/classifieds/3655568f-2e89-43b1-a1bc-c7cbbdc6796f/736x736/6c70f64f272bc48a70644abfb094e2f3.jpg | https://media-resize.immowebstatic.be/classifieds/3655568f-2e89-43b1-a1bc-c7cbbdc6796f/736x736/1b53a7d5f7e05372f3f97fbc508dd247.jpg | https://media-resize.immowebstatic.be/classifieds/3655568f-2e89-43b1-a1bc-c7cbbdc6796f/736x736/e5dc257a98e70de77592b02215a9444e.jpg | https://media-resize.immowebstatic.be/classifieds/3655568f-2e89-43b1-a1bc-c7cbbdc6796f/736x736/09a404170a875fd26e5e05b99d79be31.jpg | https://media-resize.immowebstatic.be/classifieds/3655568f-2e89-43b1-a1bc-c7cbbdc6796f/736x736/a8125132ca50df9d62d73610df2d031e.jpg | https://media-resize.immowebstatic.be/classifieds/3655568f-2e89-43b1-a1bc-c7cbbdc6796f/736x736/d33ab00bac320eac5a5d0f995f72d359.jpg | https://media-resize.immowebstatic.be/classifieds/3655568f-2e89-43b1-a1bc-c7cbbdc6796f/736x736/50c2b6a0aeb2d60f798e4f0deefc5cde.jpg | https://media-resize.immowebstatic.be/classifieds/3655568f-2e89-43b1-a1bc-c7cbbdc6796f/736x736/218571765326e50e1abc8cee1896e875.jpg","Terrain à bâtir à vendre à Tubize - 100 000 € - Immoweb","https://www.immoweb.be/fr/annonce/terrain-a-batir/a-vendre/tubize/1480/21473961"
